caption,image_file
"logo in the style of TOK, black logo on white background,symmetric turtle", logorax1.png
"logo in the style of TOK, black logo on white background, standing dog", logorax2.png
"logo in the style of TOK, black logo on white background, symmetric head of llama", logorax3.png
"logo in the style of TOK, black logo on white background, head of eagle in a circle", logorax4.png
"logo in the style of TOK, black logo on white background, owl", logorax5.png
"logo in the style of TOK, black logo on white background, square in a star", logorax6.png
"logo in the style of TOK, black logo on white background, star", logorax7.png
"logo in the style of TOK, black logo on white background, swan", logorax8.png
"logo in the style of TOK, black logo on white background, owl on a branch", logorax9.png
"logo in the style of TOK, black logo on white background, eagle with wings", logorax10.png
"logo in the style of TOK, black logo on white background, standing lion with a crown", logorax11.png
"logo in the style of TOK, black logo on white background, symmetric head of a lion", logorax12.png
"logo in the style of TOK, black logo on white background, tree", logorax13.png
"logo in the style of TOK, black logo on white background, frog", logorax14.png
"logo in the style of TOK, black logo on white background, running rabbit", logorax15.png
"logo in the style of TOK, black logo on white background, elephant", logorax16.png
"logo in the style of TOK, black logo on white background, bear eating fish", logorax17.png
"logo in the style of TOK, black logo on white background, standing deer", logorax18.png
"logo in the style of TOK, black logo on white background, standing human", logorax19.png
"logo in the style of TOK, black logo on white background, turtle", logorax20.png
"logo in the style of TOK, black logo on white background, star in a circle", logorax21.png
"logo in the style of TOK, black logo on white background, ticket in a shield", logorax22.png
"logo in the style of TOK, black logo on white background, head of a lion looking left", logorax23.png
"logo in the style of TOK, black logo on white background, symmetric head of a lion", logorax24.png
"logo in the style of TOK, black logo on white background, symmetric head of a lion", logorax25.png
"logo in the style of TOK, black logo on white background, symmetric head of a lion", logorax26.png
"logo in the style of TOK, black logo on white background, star in a shield", logorax27.png
"logo in the style of TOK, black logo on white background, sneaker", logorax28.png
"logo in the style of TOK, black logo on white background, symmetric head of a llama", logorax29.png
"logo in the style of TOK, black logo on white background, sun in a circle", logorax30.png
"logo in the style of TOK, black logo on white background, star in a shield", logorax31.png
"logo in the style of TOK, black logo on white background, star in sun", logorax32.png
"logo in the style of TOK, black logo on white background, symmetric tree", logorax33.png
"logo in the style of TOK, black logo on white background, swan", logorax34.png
"logo in the style of TOK, black logo on white background, frog", logorax35.png
"logo in the style of TOK, black logo on white background, frog", logorax36.png
"logo in the style of TOK, black logo on white background, tree with leaves", logorax37.png
"logo in the style of TOK, black logo on white background, standing elephant", logorax38.png
"logo in the style of TOK, black logo on white background, rabbit head", logorax39.png
"logo in the style of TOK, black logo on white background, rabbit sitting", logorax40.png
"logo in the style of TOK, black logo on white background, rabbit sitting", logorax41.png
"logo in the style of TOK, black logo on white background, eagle", logorax42.png
"logo in the style of TOK, black logo on white background, head of an eagle", logorax43.png
"logo in the style of TOK, black logo on white background, torso of llama", logorax44.png
"logo in the style of TOK, black logo on white background, head of deer", logorax45.png
"logo in the style of TOK, black logo on white background, head of elk", logorax46.png
"logo in the style of TOK, black logo on white background, head of elk", logorax47.png
"logo in the style of TOK, black logo on white background, star", logorax48.png
"logo in the style of TOK, black logo on white background, tower in a shield", logorax49.png
"logo in the style of TOK, black logo on white background, turtle walking", logorax50.png
"logo in the style of TOK, black logo on white background, octopus, chip, tech X", logorax51.png
"logo in the style of TOK, black logo on white background, star, flower", logorax52.png
"logo in the style of TOK, black logo on white background, sneakers with wings", logorax53.png
"logo in the style of TOK, black logo on white background, spinning star, flower, sun", logorax54.png
"logo in the style of TOK, black logo on white background, head of a cat", logorax55.png
"logo in the style of TOK, black logo on white background, shoe, feather", logorax56.png
"logo in the style of TOK, black logo on white background, star, triangles", logorax57.png
"logo in the style of TOK, black logo on white background, flower in a shield", logorax58.png
"logo in the style of TOK, black logo on white background, flower", logorax59.png
"logo in the style of TOK, black logo on white background, owl with wings", logorax60.png
"logo in the style of TOK, black logo on white background, star", logorax61.png
"logo in the style of TOK, black logo on white background, spinning star", logorax62.png
"logo in the style of TOK, black logo on white background, bear with a helmet", logorax63.png
"logo in the style of TOK, black logo on white background, face of a man with a beard", logorax64.png
"logo in the style of TOK, black logo on white background, chicken standing", logorax65.png
"logo in the style of TOK, black logo on white background, octopus", logorax66.png
"logo in the style of TOK, black logo on white background, snake with a shield", logorax67.png
"logo in the style of TOK, black logo on white background, eagle head in a circle", logorax68.png
"logo in the style of TOK, black logo on white background, head of a bear", logorax69.png
"logo in the style of TOK, black logo on white background, bear torso", logorax70.png
"logo in the style of TOK, black logo on white background, snake", logorax71.png
"logo in the style of TOK, black logo on white background, dog walking", logorax72.png
"logo in the style of TOK, black logo on white background, eagle head in a star", logorax73.png
"logo in the style of TOK, black logo on white background, chicken", logorax74.png
"logo in the style of TOK, black logo on white background, crocodile", logorax75.png
"logo in the style of TOK, black logo on white background, archer bear", logorax76.png
"logo in the style of TOK, black logo on white background, two snakes coiled in a circle", logorax77.png
"logo in the style of TOK, black logo on white background, dog face", logorax78.png
"logo in the style of TOK, black logo on white background, flying eagle", logorax79.png
"logo in the style of TOK, black logo on white background, deer cycling on a bike", logorax80.png
"logo in the style of TOK, black logo on white background, dog standing", logorax81.png
"logo in the style of TOK, black logo on white background, human skull", logorax82.png
"logo in the style of TOK, black logo on white background, minimalistic dog sitting", logorax83.png
"logo in the style of TOK, black logo on white background, rabbit drinking wine, holding wine glass", logorax84.png
"logo in the style of TOK, black logo on white background, sitting cat", logorax85.png
"logo in the style of TOK, black logo on white background, human skull", logorax86.png
"logo in the style of TOK, black logo on white background, fire", logorax87.png
"logo in the style of TOK, black logo on white background, fire", logorax88.png
"logo in the style of TOK, black logo on white background, fire", logorax89.png
"logo in the style of TOK, black logo on white background, fire, circle", logorax90.png
"logo in the style of TOK, black logo on white background, tree, sea", logorax91.png
"logo in the style of TOK, black logo on white background, tree", logorax92.png
"logo in the style of TOK, black logo on white background, tree, clover", logorax93.png
"logo in the style of TOK, black logo on white background, christmas tree", logorax94.png
"logo in the style of TOK, black logo on white background, flower, leafs", logorax95.png
"logo in the style of TOK, black logo on white background, flower", logorax96.png
"logo in the style of TOK, black logo on white background, flower, lotus", logorax97.png
"logo in the style of TOK, black logo on white background, flower", logorax98.png
"logo in the style of TOK, black logo on white background, flower", logorax99.png
"logo in the style of TOK, black logo on white background, flower", logorax100.png
"logo in the style of TOK, black logo on white background, lightning bolt in a circle", logorax101.png
"logo in the style of TOK, black logo on white background, lightning bolt", logorax102.png
"logo in the style of TOK, black logo on white background, lightning bolt", logorax103.png
"logo in the style of TOK, black logo on white background, lightning bolt", logorax104.png
"logo in the style of TOK, black logo on white background, two dots", logorax105.png
"logo in the style of TOK, black logo on white background, two dots", logorax106.png
"logo in the style of TOK, black logo on white background, two dots", logorax107.png
"logo in the style of TOK, black logo on white background, two dots", logorax108.png
"logo in the style of TOK, black logo on white background, fish bone", logorax109.png
"logo in the style of TOK, black logo on white background, fish bone", logorax110.png
"logo in the style of TOK, black logo on white background, bone", logorax111.png
"logo in the style of TOK, black logo on white background, bone", logorax112.png
"logo in the style of TOK, black logo on white background, two dots", logorax113.png
"logo in the style of TOK, black logo on white background, lightning bolt", logorax114.png
"logo in the style of TOK, black logo on white background, flower", logorax115.png
"logo in the style of TOK, black logo on white background, flower, lines", logorax116.png
"logo in the style of TOK, black logo on white background, tree", logorax117.png
"logo in the style of TOK, black logo on white background, fire", logorax118.png
"logo in the style of TOK, black logo on white background, water drop", logorax119.png
"logo in the style of TOK, black logo on white background, water drop", logorax120.png
"logo in the style of TOK, black logo on white background, water drop", logorax121.png
"logo in the style of TOK, black logo on white background, cloud", logorax122.png
"logo in the style of TOK, black logo on white background, cloud", logorax123.png
"logo in the style of TOK, black logo on white background, cloud", logorax124.png
"logo in the style of TOK, black logo on white background, square with round edges", logorax125.png
"logo in the style of TOK, black logo on white background, square with round edges", logorax126.png
"logo in the style of TOK, black logo on white background, square", logorax127.png
"logo in the style of TOK, black logo on white background, crocodile", logorax128.png
"logo in the style of TOK, black logo on white background, apple", logorax129.png
"logo in the style of TOK, black logo on white background, apple", logorax130.png
"logo in the style of TOK, black logo on white background, apple", logorax131.png
"logo in the style of TOK, black logo on white background, apple", logorax132.png
"logo in the style of TOK, black logo on white background, apple", logorax133.png
"logo in the style of TOK, black logo on white background, banana", logorax134.png
"logo in the style of TOK, black logo on white background, banana", logorax135.png
"logo in the style of TOK, black logo on white background, hand", logorax136.png
"logo in the style of TOK, black logo on white background, hand making peace gesture", logorax137.png
"logo in the style of TOK, black logo on white background, hands, heart", logorax138.png
"logo in the style of TOK, black logo on white background, human skull", logorax139.png
"logo in the style of TOK, black logo on white background, human skull", logorax140.png
"logo in the style of TOK, black logo on white background, human skull", logorax141.png
"logo in the style of TOK, black logo on white background, head of a lion from a side view", logorax142.png
"logo in the style of TOK, black logo on white background, head of a lion", logorax143.png
"logo in the style of TOK, black logo on white background, head of a lion", logorax144.png
"logo in the style of TOK, black logo on white background, head of a bear from a side view", logorax145.png
"logo in the style of TOK, black logo on white background, lion", logorax146.png
"logo in the style of TOK, black logo on white background, lion", logorax147.png
"logo in the style of TOK, black logo on white background, lion", logorax148.png
"logo in the style of TOK, black logo on white background, lion with a crown", logorax149.png
"logo in the style of TOK, black logo on white background, lion", logorax150.png
"logo in the style of TOK, black logo on white background, head of a bear", logorax151.png
"logo in the style of TOK, black logo on white background, skull", logorax152.png
"logo in the style of TOK, black logo on white background, hands", logorax153.png
"logo in the style of TOK, black logo on white background, banana", logorax154.png
"logo in the style of TOK, black logo on white background, lemon", logorax155.png
"logo in the style of TOK, black logo on white background, lemon", logorax156.png
"logo in the style of TOK, black logo on white background, lemon tree", logorax157.png
"logo in the style of TOK, black logo on white background, lemon", logorax158.png
"logo in the style of TOK, black logo on white background, lemon", logorax159.png
"logo in the style of TOK, black logo on white background, lemon", logorax160.png
"logo in the style of TOK, black logo on white background, lemon", logorax161.png
"logo in the style of TOK, black logo on white background, apple", logorax162.png
"logo in the style of TOK, black logo on white background, circle", logorax163.png
"logo in the style of TOK, black logo on white background, square", logorax164.png
"logo in the style of TOK, black logo on white background, clouds", logorax165.png
"logo in the style of TOK, black logo on white background, water drop", logorax166.png
"logo in the style of TOK, black logo on white background, apple", logorax167.png
"logo in the style of TOK, black logo on white background, apple", logorax168.png
"logo in the style of TOK, black logo on white background, apple", logorax169.png
"logo in the style of TOK, black logo on white background, apple", logorax170.png
"logo in the style of TOK, black logo on white background, apple", logorax171.png
"logo in the style of TOK, black logo on white background, star with 3 points", logorax172.png
"logo in the style of TOK, black logo on white background, star with 9 points", logorax173.png
"logo in the style of TOK, black logo on white background, star with 4 points", logorax174.png
"logo in the style of TOK, black logo on white background, star with 6 points", logorax175.png
"logo in the style of TOK, black logo on white background, star with 5 points", logorax176.png
"logo in the style of TOK, black logo on white background, star with 6 points", logorax177.png
"logo in the style of TOK, black logo on white background, star with 6 points", logorax178.png
"logo in the style of TOK, black logo on white background, star with 6 points", logorax179.png
"logo in the style of TOK, black logo on white background, star with 6 points", logorax180.png
"logo in the style of TOK, black logo on white background, star with 4 points", logorax181.png
"logo in the style of TOK, black logo on white background, star with 4 points", logorax182.png
"logo in the style of TOK, black logo on white background, star with 4 points", logorax183.png
"logo in the style of TOK, black logo on white background, star with 4 points", logorax184.png
"logo in the style of TOK, black logo on white background, star with 5 points", logorax185.png
"logo in the style of TOK, black logo on white background, heart on fire", logorax186.png
"logo in the style of TOK, black logo on white background, heart as a clip", logorax187.png
"logo in the style of TOK, black logo on white background, heart", logorax188.png
"logo in the style of TOK, black logo on white background, hearts", logorax189.png
"logo in the style of TOK, black logo on white background, dragon on a shield", logorax190.png
"logo in the style of TOK, black logo on white background, dragon on a shield", logorax191.png
"logo in the style of TOK, black logo on white background, dragon on a shield", logorax192.png
"logo in the style of TOK, black logo on white background, dragon on a shield", logorax193.png
"logo in the style of TOK, black logo on white background, crow", logorax194.png
"logo in the style of TOK, black logo on white background, crow", logorax195.png
"logo in the style of TOK, black logo on white background, crow", logorax196.png
"logo in the style of TOK, black logo on white background, crow", logorax197.png
"logo in the style of TOK, black logo on white background, head of a deer on a shield", logorax198.png
"logo in the style of TOK, black logo on white background, deer", logorax199.png
"logo in the style of TOK, black logo on white background, deer", logorax200.png
"logo in the style of TOK, black logo on white background, deer on a shield", logorax201.png
"logo in the style of TOK, black logo on white background, cannabis leaf on fire", logorax202.png
"logo in the style of TOK, black logo on white background, cannabis leaf and a bear", logorax203.png
"logo in the style of TOK, black logo on white background, cannabis leaf", logorax204.png
"logo in the style of TOK, black logo on white background, cannabis leaf", logorax205.png
"logo in the style of TOK, black logo on white background, butterfly", logorax206.png
"logo in the style of TOK, black logo on white background, butterfly", logorax207.png
"logo in the style of TOK, black logo on white background, windmill", logorax208.png
"logo in the style of TOK, black logo on white background, windmill", logorax209.png
"logo in the style of TOK, black logo on white background, windmill", logorax210.png
"logo in the style of TOK, black logo on white background, butterfly", logorax211.png
"logo in the style of TOK, black logo on white background, cannabis leaf for health", logorax212.png
"logo in the style of TOK, black logo on white background, head of a deer", logorax213.png
"logo in the style of TOK, black logo on white background, crow", logorax214.png
"logo in the style of TOK, black logo on white background, dragon", logorax215.png
"logo in the style of TOK, black logo on white background, dragon", logorax216.png
"logo in the style of TOK, black logo on white background, dragon", logorax217.png
"logo in the style of TOK, black logo on white background, dragon", logorax218.png
"logo in the style of TOK, black logo on white background, dragon", logorax219.png
"logo in the style of TOK, black logo on white background, dragon", logorax220.png
"logo in the style of TOK, black logo on white background, dove", logorax221.png
"logo in the style of TOK, black logo on white background, dove on a hand", logorax222.png
"logo in the style of TOK, black logo on white background, dove, peace", logorax223.png
"logo in the style of TOK, black logo on white background, dove, peace", logorax224.png
"logo in the style of TOK, black logo on white background, dove, peace", logorax225.png
"logo in the style of TOK, black logo on white background, dove, peace, circle", logorax226.png
"logo in the style of TOK, black logo on white background, dove, peace", logorax227.png
"logo in the style of TOK, black logo on white background, dove", logorax228.png
"logo in the style of TOK, black logo on white background, dove", logorax229.png
"logo in the style of TOK, black logo on white background, dove", logorax230.png
"logo in the style of TOK, black logo on white background, dove", logorax231.png
"logo in the style of TOK, black logo on white background, heart", logorax232.png
"logo in the style of TOK, black logo on white background, star", logorax233.png
"logo in the style of TOK, black logo on white background, dolphin", logorax234.png
"logo in the style of TOK, black logo on white background, dolphin", logorax235.png
"logo in the style of TOK, black logo on white background, dolphin", logorax236.png
"logo in the style of TOK, black logo on white background, dolphin", logorax237.png
"logo in the style of TOK, black logo on white background, dolphin", logorax238.png
"logo in the style of TOK, black logo on white background, dolphin", logorax239.png
"logo in the style of TOK, black logo on white background, dolphin", logorax240.png
"logo in the style of TOK, black logo on white background, dolphin", logorax241.png
"logo in the style of TOK, black logo on white background, sun", logorax242.png
"logo in the style of TOK, black logo on white background, sun", logorax243.png
"logo in the style of TOK, black logo on white background, sun", logorax244.png
"logo in the style of TOK, black logo on white background, sun", logorax245.png
"logo in the style of TOK, black logo on white background, sun", logorax246.png
"logo in the style of TOK, black logo on white background, sun", logorax247.png
"logo in the style of TOK, black logo on white background, sun", logorax248.png
"logo in the style of TOK, black logo on white background, sun", logorax249.png
"logo in the style of TOK, black logo on white background, sun", logorax250.png
"logo in the style of TOK, black logo on white background, sun, sunset", logorax251.png
"logo in the style of TOK, black logo on white background, sun, sunset", logorax252.png
"logo in the style of TOK, black logo on white background, sun", logorax253.png
"logo in the style of TOK, black logo on white background, sun", logorax254.png
"logo in the style of TOK, black logo on white background, sun", logorax255.png
"logo in the style of TOK, black logo on white background, sun", logorax256.png
"logo in the style of TOK, black logo on white background, sun, sunset", logorax257.png
"logo in the style of TOK, black logo on white background, sun", logorax258.png
"logo in the style of TOK, black logo on white background, sun, sunset", logorax259.png
"logo in the style of TOK, black logo on white background, sun, sunset", logorax260.png
"logo in the style of TOK, black logo on white background, sun", logorax261.png
"logo in the style of TOK, black logo on white background, sun", logorax262.png
"logo in the style of TOK, black logo on white background, sun", logorax263.png
"logo in the style of TOK, black logo on white background, sun", logorax264.png
"logo in the style of TOK, black logo on white background, sun, sunset", logorax265.png
"logo in the style of TOK, black logo on white background, sun", logorax266.png
"logo in the style of TOK, black logo on white background, sun", logorax267.png
"logo in the style of TOK, black logo on white background, sun", logorax268.png
"logo in the style of TOK, black logo on white background, sun", logorax269.png
"logo in the style of TOK, black logo on white background, sun", logorax270.png
"logo in the style of TOK, black logo on white background, sun", logorax271.png
"logo in the style of TOK, black logo on white background, head of an eagle", logorax272.png
"logo in the style of TOK, black logo on white background, eagle, shield", logorax273.png
"logo in the style of TOK, black logo on white background, eagle", logorax274.png
"logo in the style of TOK, black logo on white background, eagle", logorax275.png
"logo in the style of TOK, black logo on white background, eagle, shield", logorax276.png
"logo in the style of TOK, black logo on white background, eagle", logorax277.png
"logo in the style of TOK, black logo on white background, eagle", logorax278.png
"logo in the style of TOK, black logo on white background, eagle, shield", logorax279.png
"logo in the style of TOK, black logo on white background, eagle", logorax280.png
"logo in the style of TOK, black logo on white background, eagle", logorax281.png
"logo in the style of TOK, black logo on white background, eagle", logorax282.png
"logo in the style of TOK, black logo on white background, eagle", logorax283.png
"logo in the style of TOK, black logo on white background, eagle", logorax284.png
"logo in the style of TOK, black logo on white background, eagle", logorax285.png
"logo in the style of TOK, black logo on white background, eagle", logorax286.png