caption,image_file
turtle in a style of logorax, logorax1.png
man in the shadow in a style of logorax, logorax2.png
llama in a style of logorax, logorax3.png
eagle head in a style of logorax, logorax4.png
pyramid with smile in a style of logorax, logorax5.png
owl in a style of logorax, logorax6.png
star and square in a style of logorax, logorax7.png
star in a style of logorax, logorax8.png
swan in a style of logorax, logorax9.png
owl on a branch in a style of logorax, logorax10.png
eagle in a style of logorax, logorax11.png
standing lion with a crown in a style of logorax, logorax12.png
lion head in a style of logorax, logorax13.png
tree in a style of logorax, logorax14.png
frog in a style of logorax, logorax15.png
running rabbit in a style of logorax, logorax16.png
minimalistic elephant in a style of logorax, logorax17.png
bear eating fish in a style of logorax, logorax18.png
deer in a style of logorax, logorax19.png
letter X crossed in a style of logorax, logorax20.png
chess knight in a style of logorax, logorax21.png
triangle fluid shape in a style of logorax, logorax22.png
love letter in a style of logorax, logorax23.png
symmetrical arrows in a style of logorax, logorax24.png
letter K with lightning icon in a style of logorax, logorax25.png