caption,image_file
"logo in the style of TOK, black logo on white background, turtle, symmetric, full view", logorax1.png
"logo in the style of TOK, black logo on white background, human, person, man in the shadow, symmetric, hat, circle", logorax2.png
"logo in the style of TOK, black logo on white background, llama head, symmetric", logorax3.png
"logo in the style of TOK, black logo on white background, eagle head, circle, asymmetric", logorax4.png
"logo in the style of TOK, black logo on white background, pyramid, smile, symmetric", logorax5.png
"logo in the style of TOK, black logo on white background, owl, symmetric, full view", logorax6.png
"logo in the style of TOK, black logo on white background, star, square, geometric, symmetric", logorax7.png
"logo in the style of TOK, black logo on white background, star", logorax8.png
"logo in the style of TOK, black logo on white background, swan", logorax9.png
"logo in the style of TOK, black logo on white background, owl on a branch", logorax10.png
"logo in the style of TOK, black logo on white background, eagle, full body", logorax11.png
"logo in the style of TOK, black logo on white background, standing lion with a crown", logorax12.png
"logo in the style of TOK, black logo on white background, lion head, symmetric", logorax13.png
"logo in the style of TOK, black logo on white background, tree", logorax14.png
"logo in the style of TOK, black logo on white background, frog, symmetric", logorax15.png
"logo in the style of TOK, black logo on white background, running rabbit", logorax16.png
"logo in the style of TOK, black logo on white background, elephant", logorax17.png
"logo in the style of TOK, black logo on white background, bear eating fish", logorax18.png
"logo in the style of TOK, black logo on white background, deer, full body", logorax19.png
"logo in the style of TOK, black logo on white background, letter X", logorax20.png
"logo in the style of TOK, black logo on white background, chess knight, horse, chess figure", logorax21.png
"logo in the style of TOK, black logo on white background, triangle, fluid shape, round, dynamic", logorax22.png
"logo in the style of TOK, black logo on white background, love letter, mail, symmetric", logorax23.png
"logo in the style of TOK, black logo on white background, arrows, symmetric", logorax24.png
"logo in the style of TOK, black logo on white background, letter K, lightning bolt, storm", logorax25.png
"logo in the style of TOK, black logo on white background, valley, vista", logorax26.png
"logo in the style of TOK, black logo on white background, human standing, symmetric", logorax27.png
"logo in the style of TOK, black logo on white background, shopping cart, lines", logorax28.png
"logo in the style of TOK, black logo on white background, turtle, symmetric", logorax29.png
"logo in the style of TOK, black logo on white background, star, circle, geometric, symmetric", logorax30.png
"logo in the style of TOK, black logo on white background, shield, ticket in the middle of a shield, symmetric", logorax31.png
"logo in the style of TOK, black logo on white background, lion head", logorax32.png
"logo in the style of TOK, black logo on white background, lion head, symmetric", logorax33.png
"logo in the style of TOK, black logo on white background, lion head, symmetric", logorax34.png
"logo in the style of TOK, black logo on white background, lion head, lines, symmetric", logorax35.png
"logo in the style of TOK, black logo on white background, leaf, desk, symmetric", logorax36.png
"logo in the style of TOK, black logo on white background, circle, arrow, crossed circle", logorax37.png
"logo in the style of TOK, black logo on white background, arrows, dynamic, flying, movement, symmetric", logorax38.png
"logo in the style of TOK, black logo on white background, shield, star, lines", logorax39.png
"logo in the style of TOK, black logo on white background, sneaker", logorax40.png
"logo in the style of TOK, black logo on white background, llama head, llama, symmetric", logorax41.png
"logo in the style of TOK, black logo on white background, sun, circle", logorax42.png
"logo in the style of TOK, black logo on white background, shield, star, complex, symmetric", logorax43.png
"logo in the style of TOK, black logo on white background, sun, symmetric", logorax44.png
"logo in the style of TOK, black logo on white background, circle, arrow, symmetric", logorax45.png
"logo in the style of TOK, black logo on white background, valley, rock, symmetric", logorax46.png
"logo in the style of TOK, black logo on white background, tree, symmetric", logorax47.png
"logo in the style of TOK, black logo on white background, swan", logorax48.png
"logo in the style of TOK, black logo on white background, frog", logorax49.png
"logo in the style of TOK, black logo on white background, frog", logorax50.png
"logo in the style of TOK, black logo on white background, letter X", logorax51.png
"logo in the style of TOK, black logo on white background, letter K", logorax52.png
"logo in the style of TOK, black logo on white background, letter K", logorax53.png
"logo in the style of TOK, black logo on white background, letter K", logorax54.png
"logo in the style of TOK, black logo on white background, tree, lines, symmetric", logorax55.png
"logo in the style of TOK, black logo on white background, tree", logorax56.png
"logo in the style of TOK, black logo on white background, elephant", logorax57.png
"logo in the style of TOK, black logo on white background, rabbit head, symmetric", logorax58.png
"logo in the style of TOK, black logo on white background, rabbit", logorax59.png
"logo in the style of TOK, black logo on white background, rabbit", logorax60.png
"logo in the style of TOK, black logo on white background, eagle, spread wings, symmetric", logorax61.png
"logo in the style of TOK, black logo on white background, eagle head", logorax62.png
"logo in the style of TOK, black logo on white background, shield, lock, lines, symmetric", logorax63.png
"logo in the style of TOK, black logo on white background, scissors, symmetric", logorax64.png
"logo in the style of TOK, black logo on white background, llama", logorax65.png
"logo in the style of TOK, black logo on white background, snowflake, arrows, hex, symmetric", logorax66.png
"logo in the style of TOK, black logo on white background, star, geometric", logorax67.png
"logo in the style of TOK, black logo on white background, desk, arrows, remote office, symmetric", logorax68.png
"logo in the style of TOK, black logo on white background, geometric, shapes, symmetric", logorax69.png
"logo in the style of TOK, black logo on white background, leopard head, lines, symmetric", logorax70.png
"logo in the style of TOK, black logo on white background, horse, head", logorax71.png
"logo in the style of TOK, black logo on white background, geometric, shapes", logorax72.png
"logo in the style of TOK, black logo on white background, elk, deer, abstract", logorax73.png
"logo in the style of TOK, black logo on white background, elk, antlers, symmetric", logorax74.png
"logo in the style of TOK, black logo on white background, deer, antlers, symmetric", logorax75.png
"logo in the style of TOK, black logo on white background, lock, symmetric", logorax76.png
"logo in the style of TOK, black logo on white background, star, symmetric", logorax77.png
"logo in the style of TOK, black logo on white background, shield, tower, symmetric", logorax78.png
"logo in the style of TOK, black logo on white background, cloud, lines, symmetric", logorax79.png
"logo in the style of TOK, black logo on white background, diamond, lines, symmetric", logorax80.png
"logo in the style of TOK, black logo on white background, letter X", logorax81.png
"logo in the style of TOK, black logo on white background, shapes, arrow, symmetric", logorax82.png
"logo in the style of TOK, black logo on white background, shapes, circle, triangle, symmetric", logorax83.png
"logo in the style of TOK, black logo on white background, turtle", logorax84.png
"logo in the style of TOK, black logo on white background, clover, hearts, symmetric, lines", logorax85.png
"logo in the style of TOK, black logo on white background, octopus, tech", logorax86.png
"logo in the style of TOK, black logo on white background, star, round", logorax87.png
"logo in the style of TOK, black logo on white background, dots", logorax88.png
"logo in the style of TOK, black logo on white background, sneaker, wings", logorax89.png
"logo in the style of TOK, black logo on white background, sun, swirl, spin", logorax90.png
"logo in the style of TOK, black logo on white background, cat head, symmetric", logorax91.png
"logo in the style of TOK, black logo on white background, shoe, feather", logorax92.png
"logo in the style of TOK, black logo on white background, star, triangles", logorax93.png
"logo in the style of TOK, black logo on white background, shield, flower, symmetric", logorax94.png
"logo in the style of TOK, black logo on white background, sun, swirl, spin", logorax95.png
"logo in the style of TOK, black logo on white background, owl, wings, spread wigns, full view, symmetric", logorax96.png
"logo in the style of TOK, black logo on white background, star, fortress", logorax97.png
"logo in the style of TOK, black logo on white background, swirl, spin", logorax98.png
"logo in the style of TOK, black logo on white background, geometric shapes, cross", logorax99.png
"logo in the style of TOK, black logo on white background, bear head, helmet, hat, symmetric", logorax100.png
"logo in the style of TOK, black logo on white background, human face, god", logorax101.png
"logo in the style of TOK, black logo on white background, chicken, cock, full view", logorax102.png
"logo in the style of TOK, black logo on white background, octopus", logorax103.png
"logo in the style of TOK, black logo on white background, snake, small shield", logorax104.png
"logo in the style of TOK, black logo on white background, dead fish, asymmetric", logorax105.png
"logo in the style of TOK, black logo on white background, eagle, circle", logorax106.png
"logo in the style of TOK, black logo on white background, bear head", logorax107.png
"logo in the style of TOK, black logo on white background, crocodile", logorax108.png
"logo in the style of TOK, black logo on white background, bear, asymmetric", logorax109.png
"logo in the style of TOK, black logo on white background, boar, full view, walking", logorax110.png
"logo in the style of TOK, black logo on white background, snake", logorax111.png
"logo in the style of TOK, black logo on white background, dog, standing, human hand on collar", logorax112.png
"logo in the style of TOK, black logo on white background, eagle, star", logorax113.png
"logo in the style of TOK, black logo on white background, chicken, cock, full view", logorax114.png
"logo in the style of TOK, black logo on white background, crocodile", logorax115.png
"logo in the style of TOK, black logo on white background, bear with bow and arrow, standing, full view, archer", logorax116.png
"logo in the style of TOK, black logo on white background, bird, branch", logorax117.png
"logo in the style of TOK, black logo on white background, snake, spin, coil, balance", logorax118.png
"logo in the style of TOK, black logo on white background, dog head, symmetric", logorax119.png
"logo in the style of TOK, black logo on white background, eagle, full view, wings, spread wings", logorax120.png
"logo in the style of TOK, black logo on white background, deer riding a bike", logorax121.png
"logo in the style of TOK, black logo on white background, dog", logorax122.png
"logo in the style of TOK, black logo on white background, corgi head, dog, lines, symmetric", logorax123.png
"logo in the style of TOK, black logo on white background, girl, torso", logorax124.png
"logo in the style of TOK, black logo on white background, skull", logorax125.png
"logo in the style of TOK, black logo on white background, dog, box, square", logorax126.png
"logo in the style of TOK, black logo on white background, rabbit drinking wine, standing, wine glass", logorax127.png
"logo in the style of TOK, black logo on white background, squirrel", logorax128.png
"logo in the style of TOK, black logo on white background, sitting cat", logorax129.png
"logo in the style of TOK, black logo on white background, viking, head, lines", logorax130.png
"logo in the style of TOK, black logo on white background, gorilla, full body", logorax131.png
"logo in the style of TOK, black logo on white background, skull", logorax132.png
"logo in the style of TOK, black logo on white background, dog", logorax133.png